idPoint;namePoint;vernaculairePoint;descriptionPoint;latitudePoint;longitudePoint
1;Salix alba cv. tristis;Saule blanc pleureur;Le Saule blanc, Saule commun, Saule argenté, Osier blanc, ou Saule Vivier (Salix alba L.), est un arbre de la famille des Salicacées. Cet arbre commun dans les régions tempérées est souvent cultivé en forme de « têtard » pour la production d'osier.;167823.3803000003;150998.59340000153
2;Acer pensylvanicum;Érable de Pennsylvanie;"L’érable de Pennsylvanie ou érable jaspé (Acer pensylvanicum) est l'unique «érable à peau de serpent» qui ne soit pas originaire d'Asie mais du nord-est de l’Amérique du Nord (et principalement de Pennsylvanie). Il appartient à la section Macrantha de la classification des érables et a été introduit en Europe en 1755. L’équivalent asiatique est Acer tegmentosum.

L'orthographe pensylvanicum (avec un n absent) est celle utilisée à l'origine par Carl von Linné.";167822.26730000228;150982.63280000165
3;Cupressus Sempervirens;Cyprès commun;"Cupressus sempervirens, encore appelé cyprès commun, cyprès sempervirent, cyprès toujours vert, cyprès d'Italie, cyprès de Provence, ou encore cyprès méditerranéen est un arbre de la famille des Cupressaceae.

Il est originaire d'Asie mineure, mais il a été acclimaté dans tout l'hémisphère nord, et plus particulièrement autour du bassin méditerranéen. Il résiste à −20 °C et tolère une sécheresse relative. Il est aussi présent dans l'hémisphère sud comme à Antananarivo où il est commun.";167822.79569999874;150977.54930000007
4;Carya illinonensis;Noyer de pécan;"Le pacanier ou noyer de pécan (Carya illinoinensis) est un arbre de la famille des Juglandacées, cultivé pour son fruit (la noix de pécan ou pacane) principalement en Amérique du Nord d'où il est originaire.

Par la qualité de son fruit, il est proche du noyer commun (Juglans regia) bien que distinct sur le plan morphologique puisqu'il appartient au genre Carya (les caryers ou hickories en anglais) et non au genre Juglans.";167872.52419999987;151044.38980000094
5;Taxus baccata;If commun;"L’if commun (ou if à baies), (Taxus baccata), est une espèce de conifères non résineux de la famille des Taxaceae. Très longévif, poussant lentement, c’est un arbre qui se prête bien à la taille. Il est parfois appelé if à baies.

Un peuplement d'ifs est appelé « ivaie ». Ces peuplements sont devenus rares. Ils sont protégés au titre d'habitat prioritaire en Europe. Les ivaies sont parfois ripicoles et certaines étaient ou sont encore (en Algérie par exemple) des bois sacrés.";167887.27480000257;151022.29710000008
6;Picea omorika;Épicéa de Serbie;L'Épicéa de Serbie (Picea omorika), en serbe cyrillique панчићева оморика et en serbe translittéré pančićeva omorika, est une espèce d'épicéa endémique d'une petite région des Balkans.;167885.5549999997;151018.32829999924
7;Ulmus minor;Orme champêtre;"L’Orme champêtre, l’Ormeau ou le Petit Orme (Ulmus minor) est une espèce d'arbres à feuilles caduques de la famille des ulmacées. Il est parfois appelé Ipréau, Orme cilié ou Yvet.

Il s'agit d'une espèce communément établie à des altitudes modestes sur des sols calcaires et secs, souvent à l'état subspontané. Les plus vieux spécimens ont été décimés par l'épidémie de graphiose de l'orme (maladie hollandaise de l'orme) et il est toujours déconseillé à la plantation, la graphiose évoluant en variantes de plus en plus dévastatrices...";167909.625500001;150991.53700000048
8;Acer capillipes;Érable jaspé de rouge;L'Érable jaspé de rouge est une espèce d'érable découverte en 1867 par Carl Johann Maximowicz (1827-1891) et introduite en Europe en 1892. Elle appartient à la section Macrantha de la classification des érables. Originaire d'Asie (forêts montagneuses du Japon principalement), c'est une des espèces d'érable les plus vigoureuses, résistantes au froid et qui ne nécessitent quasiment aucun entretien particulier. Ce type d'arbre apprécie les zones humides, les sols drainés et légers et une exposition ombragée. Son écorce striée vert et blanc caractéristique classe Acer capillipes dans la catégorie des érables à peau de serpent. Ses feuilles à pétioles rouges ont trois lobes pointus et peuvent mesurer jusqu'à 15 cm de long sur 10 cm de large. Vertes au printemps, elles passent au rouge orangé en automne.;167921.05550000072;150956.85009999946
9;Quercus robur cv. fastigiata;Chêne pédonculé fastigié;"Le chêne pédonculé (Quercus robur L., 1753) est une espèce d'arbres à feuillage caduc originaire des régions tempérées d'Europe, appartenant à la famille des Fagacées. Son fruit est porté par un long pédoncule.

L'arbre est parfois appelé chêne blanc, chêne femelle, gravelin, chêne à grappe ou châgne. Son nom latin Quercus robur signifie « chêne robuste ».";167923.992399998;150943.91189999878
10;Ulmus minor cv. variegata;Orme champêtre panaché;"L’Orme champêtre, l’Ormeau ou le Petit Orme (Ulmus minor) est une espèce d'arbres à feuilles caduques de la famille des ulmacées. Il est parfois appelé Ipréau, Orme cilié ou Yvet.

Il s'agit d'une espèce communément établie à des altitudes modestes sur des sols calcaires et secs, souvent à l'état subspontané. Les plus vieux spécimens ont été décimés par l'épidémie de graphiose de l'orme (maladie hollandaise de l'orme) et il est toujours déconseillé à la plantation, la graphiose évoluant en variantes de plus en plus dévastatrices...";167918.44269999862;150907.05539999902
11;Parrotia persica;Parrotie de Perse;Le nom du genre Metasequoia vient du grec meta (=proche de) et de sequoia, un genre de grands arbres de la même famille. L'épithète spécifique glyptostroboides signifie « semblable au Glyptostrobus ». Glyptostrobus pensilis est un cyprès chinois des marais, également originaire de Chine.;167884.89350000024;150888.0053000003
12;Carpinus betulus;Charme commun;Le Charme, ou Charme commun, Carpinus betulus, parfois appelé charmille, est un arbre de taille moyenne, à feuilles caduques et appartenant à la famille des Bétulacées. Il est assez répandu dans les forêts d'Europe centrale. C'est une essence forestière secondaire présente en taillis sous futaie.;167985.6152999997;150902.27439999953
13;Corylus avellana;Noisetier;"Le Noisetier ou Coudrier (Corylus avellana) est un arbrisseau de 5 à 8 mètres de hauteur et appartenant au genre Corylus et à la famille des Bétulacées. Les 15 espèces du genre Corylus qui donnent toutes des fruits à coque contenant une amande comestible, sont aussi nommées en français « noisetier ». Deux espèces de Corylus sont indigènes en Europe, le Corylus avellana et le Corylus colurna, le « noisetier de Byzance », présent dans les Balkans, la Roumanie et la Turquie. Pour distinguer le Corylus avellana des autres, on l’appelle généralement « noisetier commun » ou « noisetier européen ».

Le noisetier commun est un arbuste spontané dans l’ensemble de l’Europe jusqu’à l’Oural et l’Anatolie du Nord. C’est une plante des bois, des haies et des jardins qui donne un fruit comestible apprécié, la noisette. Il a un bois souple.

Il a été la source de nombreux cultivars en Europe et en Turquie qui furent sélectionnés à partir des populations locales de noisetiers sauvages. Une variété à gros fruits est parfois appelée Avelinier. La Turquie est depuis longtemps le premier producteur et exportateur mondial de noisettes, avec 67 % de la production mondiale en 2017. En seconde position vient l’Italie, avec 13 %. La filière de la noisette est aussi bien développée aux États-Unis et en Chine, deux pays où Corylus avellana n’est pas indigène.";168114.46930000186;150919.04050000012
14;Juglans nigra;Noyer noir;Le Noyer d'Amérique ou Noyer noir (Juglans nigra) est un grand arbre de la famille des Juglandacées, originaire d'Amérique du Nord, largement cultivé pour ses fruits, son bois et ses qualités ornementales1. Il est introduit un peu partout dans le monde. Les deux pays européens qui comprennent les plus grandes superficies plantées en noyer noir sont la Hongrie et la Roumanie.;168111.23529999703;150905.53449999914
15;Zone de Fagus sylvatica;Zone de hêtre commun;"Le Hêtre commun, Fagus sylvatica, couramment désigné simplement comme le hêtre est une espèce d'arbres à feuilles caduques, indigène d'Europe, appartenant à la famille des Fagaceae, tout comme le chêne et le châtaignier.

Il est l'une des principales essences constitutives des forêts tempérées caducifoliées d'Europe où on peut le trouver en peuplements exclusifs de hêtraies pures ou le plus souvent associé à d'autres espèces majeures dans des forêts feuillues, principalement avec le Chêne rouvre, ou dans des forêts mixtes avec le Sapin pectiné ou l'Épicéa commun.

C'est une essence bioindicatrice d'un climat tempéré humide. Les forestiers en pratiquent de longue date la sylviculture pour produire du bois de futaie principalement destiné à l'ameublement. Il est également utilisé comme source de bois de chauffage, surtout en zone de montagne.";168072.5945999995;150874.4294999987
16;Quercus robur - arbre de la continuité;Chêne pédonculé;Le chêne pédonculé (Quercus robur L., 1753) est une espèce d'arbres à feuillage caduc originaire des régions tempérées d'Europe, appartenant à la famille des Fagacées. Son fruit est porté par un long pédoncule.;168088.81360000372;150848.02409999818
17;Salix alba;Saule blanc;Le Saule blanc, Saule commun, Saule argenté, Osier blanc, ou Saule Vivier (Salix alba L.), est un arbre de la famille des Salicacées. Cet arbre commun dans les régions tempérées est souvent cultivé en forme de « têtard » pour la production d'osier.;167989.51529999822;150784.02789999917
18;Populus nigra subsp. pyramidalis;Peuplier noir d'Italie;Le peuplier noir (Populus nigra) est une espèce d'arbres de la famille des Salicacées. Ce peuplier de grande taille colonise de préférence les sols riches et dénués de végétation, tels que les grèves et bancs de sable humides. Il en existe de nombreux hybrides ou variétés, notamment le Peuplier d'Italie (Populus nigra var. Italica), à port érigé et étroit, planté comme arbre d'ornement ou d'alignement. La souplesse des fibres se prête bien à la fabrication du bois déroulé pour le placage et le contreplaqué. La plante a aussi des propriétés médicinales et sert à faire du charbon actif.;167936.28100000322;150774.1853
19;Robinia pseudoacacia cv. Frisia;Robinier faux-acacia cv. Frisia (acacier doré);"Le robinier faux-acacia ou acacia (Robinia pseudoacacia) est une espèce de la famille des Fabacées (légumineuses de la sous-famille des Viciaceae). Cet arbre présente des fleurs zygomorphes caractéristiques chez les Fabacées. Ses fruits sont des gousses ressemblant à un haricot plat avec des graines à l'intérieur. 'Frisia' : à feuille plus étroite et restant jaune vif au printemps ; exposition protégée du vent. Arbre de petite à moyenne stature ; épines rouge.";167927.49679999799;150709.18239999935
20;Robinia pseudoacacia;Robinier faux-acacia;Le robinier faux-acacia ou acacia (Robinia pseudoacacia) est une espèce de la famille des Fabacées (légumineuses de la sous-famille des Viciaceae). Cet arbre présente des fleurs zygomorphes caractéristiques chez les Fabacées. Ses fruits sont des gousses ressemblant à un haricot plat avec des graines à l'intérieur.;167937.80650000274;150684.1673000008
21;Sorbus aucuparia;Sorbier des oiseaux;Le Sorbier des oiseleurs ou Sorbier des oiseaux (Sorbus aucuparia L.) est un petit arbre qui peut atteindre les 5 mètres de haut. Il vit principalement en lisière de forêts d'épicéas. Le sorbier est cousin avec le cormier. Ses feuilles sont composées de 17 ou 15 folioles lancéolées doublement dentées reliées au pétiole.;167878.79320000112;150589.2478
22;Ginkgo biloba;Abricotier d'argent;L’Arbre aux quarante écus, l’Abricotier d'argent, Ginkgo (Ginkgo biloba L., 1771) (银杏 yínxìng en chinois) est une espèce d'arbres et la seule représentante actuelle de la famille des Ginkgoaceae. C'est la seule espèce actuelle de la division des ginkgophyta. Elle est considérée comme une espèce panchroniquenote. C'est la plus ancienne famille d'arbres connue, puisqu'elle serait apparue il y a plus de 270 millions d'années. Elle existait déjà une quarantaine de millions d'années avant l'apparition des dinosaures.;167866.44420000166;150585.19319999963
23;Crataegus crus-galli;Aubépine ergot de coq;"L'aubépine ergot de Coq (Crataegus crus-galli), aussi appelée ""aubépine de Virginie"", est une espèce végétale de la famille des Rosaceae. C'est une aubépine originaire de l'Est de l'Amérique du Nord, du Québec à la Louisiane.";167867.1176000014;150578.87909999862
24;Sequoiadendron giganteum;Séquoia géant;"Le Séquoia géant (Sequoiadendron giganteum) est une espèce de conifères de la famille des Taxodiaceae (classification classique) ou des Cupressaceae (classification phylogénétique). Il est l'unique représentant actuel du genre Sequoiadendron.

Endémique des montagnes de la Sierra Nevada en Californie, le Séquoia géant comprend les arbres les plus grands du monde en volume. Un certain nombre de caractères biologiques l'apparentent aux deux autres espèces de la sous-famille des Sequoioideae (en) : le Séquoia à feuilles d'if, qui le dépasse en hauteur et pousse le long des côtes californiennes, et Metasequoia glyptostroboides, plus petit et originaire de Chine.";167852.80479999632;150569.9582999982
25;Alnus incana;Aulne blanc;L'aulne blanc, aulne rugueux, aulne de montagne, arcoce ou varne est un arbre, de la famille des bétulacées, originaire des régions tempérées de l'hémisphère nord.;167845.0041999966;150546.6248999983
26;Tilia tomentosa;Tilleul argenté;Le tilleul argenté (Tilia tomentosa), encore appelé Tilleul de Hongrie, est un arbre de la famille des Tiliaceae, ou des Malvaceae, sous-famille des Tilioideae, selon la classification phylogénétique. C'est une espèce originaire de l'est du bassin méditerranéen. Résistant bien à la pollution, il est souvent employé comme arbre d'alignement dans les villes.;167832.6625000015;150570.0549999997
27;Tilia mongolica;Tilleul de Mongolie;Tilia mongolica Maxim., le Tilleul de Mongolie, a été découvert par le Père David en 1864 et introduit en occident en 1880. L'arbre vient de Mongolie, de l'est de la Russie et du nord de la Chine. Il pousse entre 1 200 et 2 200  m d'altitude.;167819.86879999936;150602.67280000076
28;Tilia cordata;Tilleul à petites feuilles;Le Tilleul à petites feuilles (Tilia cordata Mill.) est un arbre du genre Tilia et de la famille des Tiliaceae, ou des Malvaceae selon la classification phylogénétique.;167789.81360000372;150577.26289999858
29;Zelkova serrata;Zelkova du Japon;Le zelkova du Japon (Zelkova serrata) est un arbre caducifolié aux feuilles dentelées lancéolées de la famille des Ulmaceae. Il est appelé keyaki (欅, ケヤキ) au Japon. Philipp Franz von Siebold, l'a introduit aux Pays-Bas en 1830.;167792.23870000243;150566.24109999835
30;Populus x interamericana cv. UNAL;Peuplier interaméricain cv. Unal;Les peupliers sont des arbres du genre Populus de la famille des Salicacées.;167767.7696999982;150529.1523000002
31;Fagus sylvatica cv. laciniata;Hêtre commun laciniata;"Le Hêtre commun, Fagus sylvatica, couramment désigné simplement comme le hêtre est une espèce d'arbres à feuilles caduques, indigène d'Europe, appartenant à la famille des Fagaceae, tout comme le chêne et le châtaignier.

Il est l'une des principales essences constitutives des forêts tempérées caducifoliées d'Europe où on peut le trouver en peuplements exclusifs de hêtraies pures ou le plus souvent associé à d'autres espèces majeures dans des forêts feuillues, principalement avec le Chêne rouvre, ou dans des forêts mixtes avec le Sapin pectiné ou l'Épicéa commun.

C'est une essence bioindicatrice d'un climat tempéré humide. Les forestiers en pratiquent de longue date la sylviculture pour produire du bois de futaie principalement destiné à l'ameublement. Il est également utilisé comme source de bois de chauffage, surtout en zone de montagne.Laciniata: Hêtre à feuilles étroites profondément lobées.";167778.00840000063;150577.69959999993
32;Betula pendula;Bouleau verruqueux;Le bouleau verruqueux ou bouleau blanc (Betula pendula, syn. B. verrucosa), ou encore bouleau d'Europe, mais aussi bouleau blanc d'Europe est un arbre pouvant atteindre 25 mètres de hauteur. Originaire d'Europe et d'Asie, c'est un arbre très rustique et qui a besoin de lumière. Il aime les sols secs à frais, siliceux de préférence. Les sols acides à alcalins ne le dérangent pas outre mesure. C'est une essence pionnière, colonisatrice et très adaptable. Il résiste parfaitement aux embruns. Il peut être isolé, en alignement, bosquet, etc.;167789.12070000172;150604.938000001
33;Juniperus chinensis cv. Hetzii;Genévrier de Chine cv. Hetzii;Le genévrier de Chine (Juniperus chinensis) est une espèce d'arbres appartenant au genre Juniperus et à la famille des Cupressaceae. Il est originaire du continent asiatique;167779.065200001;150628.6424999982
34;Metasequoia glyptostroboides;Sapin d'eau;"Metasequoia glyptostroboides, aussi appelé « sapin d'eau », est une espèce de grand arbre de la famille des Taxodiaceae, ou des Cupressaceae selon la classification phylogénétique. Il est originaire de Chine où il a été découvert en 1943. C'est l'unique espèce vivante du genre Metasequoia dont l'origine remonte au Pliocène et à ce titre est considéré comme une forme panchronique.

Le nom du genre Metasequoia vient du grec meta (=proche de) et de sequoia, un genre de grands arbres de la même famille. L'épithète spécifique glyptostroboides signifie « semblable au Glyptostrobus ». Glyptostrobus pensilis est un cyprès chinois des marais, également originaire de Chine.";167799.50630000234;150672.39759999886
35;Crataegus x lavallei;Aubépine de Lavallée;"Crataegus × lavalleei, parfois connu sous d'aubépine de Lavallée, est un hybride qui est né entre des spécimens cultivés de deux espèces du genre Crataegus (Aubépine). C'est un petit arbre ornemental à feuilles non lobées vert foncé brillant qui est utilisé en horticulture.

Le parent femelle était C. mexicana (parfois appelé à tort C. pubescens), et le parent mâle serait C. calpodendron (qui est parfois appelé à tort C. crus-galli).

L'aubépine de Carrière, C. × carrierei a la même filiation, et est donc un synonyme, c'est-à-dire la même espèce. Il existe des différences mineures entre l'aubépine de Lavallée et l'aubépine de Carrière, et ce dernier est considéré comme un cultivar distinct, qui est formellement écrit comme Crataegus 'Carrierei'. Il a remporté le prix du mérite du jardin de la Royal Horticultural Society. Les feuilles deviennent rouges avant de tomber très tard dans la saison. Ce cultivar se caractérise également par des tiges presque sans épines et d'abondantes baies orange qui durent longtemps sur l'arbre.";167788.1283000037;150675.86730000004
36;Liquidambar styraciflua;Copalme d'Amérique;Le copalme d'Amérique ou Liquidambar (Liquidambar styraciflua) est une espèce d'arbres qui appartient maintenant à la famille des Altingiacées, auparavant classé dans la famille des Hamamelidacées.;167751.83659999818;150682.86470000073
37;Acer platanoides;Érable plane;"L'Érable plane (Acer platanoides L.) est un arbre de grande taille de la famille des Sapindaceae fréquent dans les régions montagneuses d'Europe. Il est parfois appelé Érable de Norvège, Iseron, Plane, Main-découpée, Plaine ou Faux Sycomore.

Son nom commun lui vient de la forte ressemblance des feuilles avec celles du platane. À ne pas confondre avec l'espèce voisine Acer pseudoplatanus, érable faux-platane ou sycomore lequel a une écorce formant des plaques se détachant du tronc chez l'arbre adulte.";167737.4900000021;150678.36450000107
38;Acer campestre;Érable champêtre;L'Érable champêtre (Acer campestre) est un arbre du genre Acer appartenant à la famille des Acéracées (Sapindaceae APG III). Il est classé dans la section Platanoidea de la classification des érables.;167739.45390000194;150737.16169999912
39;Betula nigra cv. Héritage;Bouleau noir cv. Héritage;"Le Betula nigra (Bouleau noir) est une espèce de bouleau; il est commun dans les plaines alluviales et les marais de l'est des États-Unis, du New Hampshire au Minnesota, de la Floride à l'est du Texas.";167727.58100000024;150728.60700000077
40;Betula pendula;Bouleau verruqueux;Le bouleau verruqueux ou bouleau blanc (Betula pendula, syn. B. verrucosa), ou encore bouleau d'Europe, mais aussi bouleau blanc d'Europe est un arbre pouvant atteindre 25 mètres de hauteur. Originaire d'Europe et d'Asie, c'est un arbre très rustique et qui a besoin de lumière. Il aime les sols secs à frais, siliceux de préférence. Les sols acides à alcalins ne le dérangent pas outre mesure. C'est une essence pionnière, colonisatrice et très adaptable. Il résiste parfaitement aux embruns. Il peut être isolé, en alignement, bosquet, etc.;167689.44669999927;150722.31419999897
41;Pinus nigra ssp. Nigricans;Pin noir ssp. d'Autriche;"Le Pin noir (Pinus nigra) est une espèce de pin présentant de nombreuses variétés et que l'on trouve en Europe méridionale, de l'Espagne à la Crimée, en Asie Mineure, à Chypre et, localement, dans les montagnes de l'Atlas en Afrique du Nord-Ouest.

L'une de ses sous-espèces, le Pin de Salzmann — en raison de sa résistance à la sécheresse — fait l'objet d'études, de la part de l'INRA notamment, qui songe à le valoriser dans le contexte de la perspective d'un réchauffement climatique. Ses populations naturelles constituent un habitat prioritaire au sens de la directive Habitats, sous le nom de « Pinèdes (sub-)méditerranéennes de pins noirs endémiques : Pin de Salzmann ».";167687.86559999734;150713.6350999996
42;Pinus nigra ssp. Nigricans;Pin noir ssp. d'Autriche;Le Pin noir (Pinus nigra) est une espèce de pin présentant de nombreuses variétés et que l'on trouve en Europe méridionale, de l'Espagne à la Crimée, en Asie Mineure, à Chypre et, localement, dans les montagnes de l'Atlas en Afrique du Nord-Ouest.;167687.41330000013;150715.80710000172
43;Pinus nigra ssp. Nigricans;Pin noir ssp. d'Autriche;Le Pin noir (Pinus nigra) est une espèce de pin présentant de nombreuses variétés et que l'on trouve en Europe méridionale, de l'Espagne à la Crimée, en Asie Mineure, à Chypre et, localement, dans les montagnes de l'Atlas en Afrique du Nord-Ouest.;167685.90519999713;150715.01330000162
44;Liriodendron tulipifera cv. aureomarginatum;Tulipier de Virginie cv. Aureomarginatum;Le tulipier de Virginie ou arbre aux lis est un arbre feuillu de la famille des Magnoliacées originaire du sud et de l'est des États-Unis.;167683.11029999703;150735.19779999927
45;Quercus macrocarpa;Chêne à gros fruits;Le Chêne à gros fruits (Quercus macrocarpa) est une espèce d'arbres présente en Amérique du Nord aux États-Unis et au Canada. Il a été décrit pour la première fois par le botaniste André Michaux dans son Histoire des chênes de l'Amérique septentrionale. Malgré son nom vernaculaire et son nom scientifique, ce n’est pas l’espèce qui produit les plus gros fruits dans le genre.;167677.2928000018;150728.74020000175
46;Platanus x acerifolia;Platane à feuilles d'érable;Le platane commun ou platane à feuilles d'érable est une espèce hybride d'arbres de la famille des Platanaceae. C'est un hybride entre le platane d'Occident (Amérique du Nord) et le platane d'Orient (ouest de l'Asie, sud est de l'Europe), à fertilité très faible (seule une infime partie des graines peuvent germer), apparu au cours du xviiie siècle en Europe. Cette espèce est couramment utilisée comme arbre d'ornement et d'alignement le long des rues.;167664.50609999895;150890.07279999927
47;Sorbus aria;Sorbier blanc;L'Alisier blanc, Alisier de Bourgogne, Alouchier ou Sorbier des Alpes (Sorbus aria) est un arbre de la famille des Rosacées originaire du sud de l'Europe.;167668.4048999995;150899.12220000103
48;Carpinus betulus cv. fastigiata;Charme commun fastigié;Le Charme, ou Charme commun, Carpinus betulus, parfois appelé charmille, est un arbre de taille moyenne, à feuilles caduques et appartenant à la famille des Bétulacées. Il est assez répandu dans les forêts d'Europe centrale. C'est une essence forestière secondaire présente en taillis sous futaie.;168001.8625999987;150666.70010000095
49;Acer negundo;Érable negundo;L'Érable negundo ou Érable négondo (Acer negundo) est une espèce végétale de la famille des Aceraceae. Cet érable d’une dizaine de mètres de hauteur est originaire de l’est de l'Amérique du Nord. On l'appelle aussi Érable à giguère, peut-être par déformation du nom « érable argilière » qu'utilisaient les Français de l'Illinois, en 1814. Il est appelé parfois Érable à feuilles de frêne ou Érable américain. Cette essence peu intéressante pour son bois a été introduite sur d'autres continents en tant qu'arbre d'ornement pour les parcs et jardins. Elle s'est révélée être localement envahissante.;168002.23269999772;150688.13639999926
50;Aesculus hippocastanum;Marronnier commun;"Le marronnier commun, marronnier d'Inde ou marronnier blanc (Aesculus hippocastanum L.) est un arbre de la famille des Hippocastanaceae (Sapindaceae en classification APGIII). Il est parfois appelé châtaignier de mer, marronnier faux-châtaignier ou châtaignier des chevaux.

Il est souvent confondu avec le châtaignier commun (Castanea sativa), qui produit la véritable châtaigne comestible.

Ses cousins nord-américains, nommés paviers, ont des feuilles plus lisses et non dentelées, avec des fleurs qui rappellent celles du marronnier européen.

Le marronnier est très répandu dans les parcs publics et le long des avenues en Europe et Amérique du Nord.

L’espèce est considérée en France comme « vulnérable » par le comité français de l’Union internationale pour la conservation de la nature.";168025.25150000304;150691.97289999947
51;"Acer palmatum cv. dissectum ""Filigree""";"Érable palmé cv. Dissectum ""Filigree""";L’Érable palmé (Acer palmatum), ou Érable japonais lisse, est une espèce indigène en Chine, en Corée, au Japon et à Taiwan. Il appartient à la famille des Sapindaceae et à la section Palmata de la classification des érables. Cette espèce d’arbre est souvent plantée dans les jardins pour ses formes et ses couleurs variées. Son nom vernaculaire érable japonais lisse, provient de la forme caractéristique fortement découpée de ses feuilles et de l'origine géographique de sa classification par le naturaliste suédois, Carl Peter Thunberg lors d'un voyage au Japon.;168070.42329999804;150673.8986000009
52;Ailanthus glandulosa;Ailante glanduleux;"L'Ailante glanduleux, Ailante ou Faux vernis du Japon ou Vernis de Chine (Ailanthus altissima) est une espèce d'arbres à feuilles caduques de la famille des Simaroubaceae. Il est natif à la fois du nord-est et du centre de la Chine et de Taïwan. Il est présent davantage dans la forêt tempérée que dans la forêt subtropicale d’Extrême-Orient. L'arbre pousse vite et est capable d'atteindre des hauteurs de 15 mètres en 25 ans. Cependant, l'espèce a également une durée de vie courte et vit rarement plus de 50 ans (il peut cependant poursuivre son existence bien au-delà grâce à son pouvoir drageonnant particulièrement développé).

Il est parfois appelé Faux Vernis du Japon, à cause de la ressemblance de ses feuilles avec le ""vrai"" Vernis du Japon :Toxicodendron vernicifluum.";168068.65579999983;150670.67590000108
53;Tilia tomentosa;Tilleul argenté;Le tilleul argenté (Tilia tomentosa), encore appelé Tilleul de Hongrie, est un arbre de la famille des Tiliaceae, ou des Malvaceae, sous-famille des Tilioideae, selon la classification phylogénétique. C'est une espèce originaire de l'est du bassin méditerranéen. Résistant bien à la pollution, il est souvent employé comme arbre d'alignement dans les villes.;168049.58929999918;150670.0527999997
54;Catalpa bignonioides;Arbre aux haricots;Catalpa bignonioides, également appelé Arbre aux haricots, Catalpa boule ou Catalpa commun, est un arbre assez commun de la famille des Bignoniaceae.;168053.21850000322;150657.22480000183
55;Acer palmatum cv. dissectum;Érable palmé cv. Dissectum;L’Érable palmé (Acer palmatum), ou Érable japonais lisse, est une espèce indigène en Chine, en Corée, au Japon et à Taiwan. Il appartient à la famille des Sapindaceae et à la section Palmata de la classification des érables. Cette espèce d’arbre est souvent plantée dans les jardins pour ses formes et ses couleurs variées. Son nom vernaculaire érable japonais lisse, provient de la forme caractéristique fortement découpée de ses feuilles et de l'origine géographique de sa classification par le naturaliste suédois, Carl Peter Thunberg lors d'un voyage au Japon.;168039.4566999972;150648.249499999
56;Acer campestre;Érable champêtre;L'Érable champêtre (Acer campestre) est un arbre du genre Acer appartenant à la famille des Acéracées (Sapindaceae APG III). Il est classé dans la section Platanoidea de la classification des érables.;168052.29299999774;150639.21139999852
57;Elaeagnus angustifolia;Olivier à feuilles étroites;Elaeagnus angustifolia (olivier de Bohême, arbre d’argent, arbre du paradis, olinet, éléagne à feuilles étroites, chalef à feuilles étroites) est une espèce d'arbuste de la famille des Elaeagnaceae, largement répandu en Asie centrale et de l'ouest, au sud de la Russie, au Kazakhstan, en Turquie et en Iran. Ses fleurs parfumées, ses fruits comestibles et son aspect argenté lui ont valu d'être cultivé ailleurs dans le monde, mais cet Elaeagnus est devenu envahissant dans certains pays.;168083.4081000015;150635.13679999858
58;Cercidiphyllum japonicum;Arbre au caramel;"Cercidiphyllum japonicum est une espèce d'arbre à fleurs et à feuilles caduques de la famille des Cercidiphyllaceae.

Il est aussi appelé « Katsura » (カツラ,桂 en japonais) ou Arbre au caramel car il émet parfois un léger parfum de caramel lors de la chute de ses feuilles. Introduit du Japon en 1881.";168134.20009999722;150659.79300000146
59;Cornus mas;Cornouiller mâle;"Le cornouiller mâle ou cornouiller sauvage (Cornus mas) est une espèce de cornouiller originaire du sud de l'Europe et de l'Asie.

L'espèce doit son nom latin (cornu = corne) au fait que son bois est dur comme la corne. On rencontre le cornouiller mâle plutôt dans l'est de l'Europe et au Proche-Orient. Il est relativement peu répandu en France. Il est commun dans le nord, l'est, supra-méditerranéen. Il est absent dans l'ouest.

Il est parfois appelé cornier ou fuselier. Largement utilisé par les Géorgiens, Azéris, Arméniens, Turcs et Iraniens on lui prête de nombreuses vertus. Les baies sont parfois consommées.";168154.21289999783;150615.69040000066
60;Liriodendron tulipifera;Tulipier de Virginie;Le tulipier de Virginie ou arbre aux lis est un arbre feuillu de la famille des Magnoliacées originaire du sud et de l'est des États-Unis.;168103.21440000087;150523.61190000176
61;Liriodendron tulipifera;Tulipier de Virginie;Le tulipier de Virginie ou arbre aux lis est un arbre feuillu de la famille des Magnoliacées originaire du sud et de l'est des États-Uni;168101.93789999932;150515.1576000005
62;Liriodendron tulipifera;Tulipier de Virginie;Le tulipier de Virginie ou arbre aux lis est un arbre feuillu de la famille des Magnoliacées originaire du sud et de l'est des États-Uni;168099.52700000256;150507.13910000026
63;Liriodendron tulipifera;Tulipier de Virginie;Le tulipier de Virginie ou arbre aux lis est un arbre feuillu de la famille des Magnoliacées originaire du sud et de l'est des États-Uni;168096.94389999658;150498.54769999906
64;Liriodendron tulipifera;Tulipier de Virginie;Le tulipier de Virginie ou arbre aux lis est un arbre feuillu de la famille des Magnoliacées originaire du sud et de l'est des États-Uni;168093.4777000025;150488.15769999847
65;Liriodendron tulipifera;Tulipier de Virginie;Le tulipier de Virginie ou arbre aux lis est un arbre feuillu de la famille des Magnoliacées originaire du sud et de l'est des États-Uni;168082.36519999802;150487.41690000147
66;Liriodendron tulipifera;Tulipier de Virginie;Le tulipier de Virginie ou arbre aux lis est un arbre feuillu de la famille des Magnoliacées originaire du sud et de l'est des États-Uni;168074.85100000352;150489.11019999906
67;Liriodendron tulipifera;Tulipier de Virginie;Le tulipier de Virginie ou arbre aux lis est un arbre feuillu de la famille des Magnoliacées originaire du sud et de l'est des États-Uni;168067.01929999888;150491.65019999817
68;Liriodendron tulipifera;Tulipier de Virginie;Le tulipier de Virginie ou arbre aux lis est un arbre feuillu de la famille des Magnoliacées originaire du sud et de l'est des États-Uni;168059.8225999996;150494.50769999996
69;Sequoidadendron giganteum;Séquoia géant;Le Séquoia géant (Sequoiadendron giganteum) est une espèce de conifères de la famille des Taxodiaceae (classification classique) ou des Cupressaceae (classification phylogénétique). Il est l'unique représentant actuel du genre Sequoiadendron.;168067.2128000036;150332.07829999924
70;Populus x canescens - groupe;Peuplier grisard - groupe;Le peuplier grisard (Populus ×canescens) est une espèce hybride résultant du croisement entre le peuplier blanc et le peuplier tremble. On l'appelle également blanc de Hollande, ypréau ou franc-picard. Il vit au bord des étangs, des marais.;168059.05629999936;150329.79069999978
71;Salix fragilis;Saule fragile;Le Saule fragile ou Saule rouge (Salix fragilis) est un arbre de la famille des Salicaceae.;168088.6705000028;150324.8531000018
72;Quercus rubra;Chêne rouge d'Amérique;Le chêne rouge d'Amérique (Quercus rubra L., syn. Quercus borealis Duroi) est un arbre appartenant à la section des chênes rouges (Lobatae) du genre Quercus de la famille des Fagacées. Il s'agit de l'arbre symbole de l'État du New Jersey. L’espèce est sans doute apparue il y a 7 millions d'années, mais les plus anciennes traces certaines datent d'il y a 7,5 millions d'années.;167904.46450000256;150481.9675000012
73;Acer pseudoplatanus;Érable sycomore;"L’érable sycomore (Acer pseudoplatanus) est une espèce d'arbres de grande taille de la famille des acéracées fréquent en Europe. Il appartient à la section Acer de la classification des érables selon de Jong (1976).

Il s'agit d'un arbre à croissance rapide les premières années, et qui rejette facilement de souche quand il est coupé. L'érable sycomore ne doit pas être confondu avec l’espèce voisine Acer platanoides, l'érable plane ou érable platane dont le bout des feuilles est plus acéré. Selon l'ENGREF l'érable sycomore serait plus sensible à la maladie de la cime mais moins exigeant en lumière et moins xérophile que l'érable plane. On l'appelle parfois faux platane, grand érable, ou érable de montagne, plus rarement érable blanc.";167922.7300999984;150570.5566000007
74;Fagus sylvatica cv. tortuosa;Hêtre tortillard;"Le Hêtre tortillard (Fagus sylvatica groupe Tortuosa) est un hêtre caractérisé par un tronc tortueux et des branches et rameaux tordus et retombants qui lui donnent un port particulier comme un parasol. La croissance d'un hêtre tortillard est très lente.

« Hêtre » est un terme d'origine germanique (du francique *haister : Henriette Walter, ""La majestueuse histoire du nom des arbres""). De nombreux noms locaux du hêtre sont quant à eux issus du mot latin fagus. Ainsi, on l'appelle, selon les régions : fau, fayard, fayaud, etc. (pluriels : des faux, des fayards, des fayauds, etc.).

En général un fau ne dépasse pas quatre à cinq mètres de haut. En été, il étale ses feuilles en un parasol très dense, pouvant aller jusqu'à former une sorte d'igloo de feuilles. En hiver, son architecture tourmentée se dévoile : troncs et branches tordus, coudés, torsadés, branches terminales retombant jusqu'au sol.

Ces arbres donnent ainsi leur nom, les faux de Verzy, au site touristique situé en France au nord-est de la montagne de Reims, au sud de Reims dans la Marne où l'on trouve la plus grande concentration mondiale de hêtres tortillards, estimée à environ un millier d'individus.

Il est l'une des principales essences constitutives des forêts tempérées caducifoliées d'Europe où on peut le trouver en peuplements exclusifs de hêtraies pures ou le plus souvent associé à d'autres espèces majeures dans des forêts feuillues, principalement avec le Chêne rouvre, ou dans des forêts mixtes avec le Sapin pectiné ou l'Épicéa commun.

C'est une essence bioindicatrice d'un climat tempéré humide. Les forestiers en pratiquent de longue date la sylviculture pour produire du bois de futaie principalement destiné à l'ameublement. Il est également utilisé comme source de bois de chauffage, surtout en zone de montagne.";167943.65879999846;150583.54100000113
75;Acer saccharinum;Érable argenté;L’Érable argenté ou Érable de Virginie (Acer saccharinum), ou Plaine blanche (Canada), est une espèce d'arbre de la famille des Acéracées.;167964.96019999683;150639.50609999895
76;Platanus x acerifolia ;Platane à feuilles d'érable;Le platane commun ou platane à feuilles d'érable est une espèce hybride d'arbres de la famille des Platanaceae. C'est un hybride entre le platane d'Occident (Amérique du Nord) et le platane d'Orient (ouest de l'Asie, sud est de l'Europe), à fertilité très faible (seule une infime partie des graines peuvent germer), apparu au cours du xviiie siècle en Europe. Cette espèce est couramment utilisée comme arbre d'ornement et d'alignement le long des rues.;167981.95000000298;150647.71970000118
77;Ginkgo biloba;Abricotier d'argent;L’Arbre aux quarante écus, l’Abricotier d'argent, Ginkgo (Ginkgo biloba L., 1771) (银杏 yínxìng en chinois) est une espèce d'arbres et la seule représentante actuelle de la famille des Ginkgoaceae. C'est la seule espèce actuelle de la division des ginkgophyta. Elle est considérée comme une espèce panchroniquenote. C'est la plus ancienne famille d'arbres connue, puisqu'elle serait apparue il y a plus de 270 millions d'années. Elle existait déjà une quarantaine de millions d'années avant l'apparition des dinosaures.;168000.74430000037;150648.85029999912
78;Quercus robur;Chêne pédonculé;Le chêne pédonculé (Quercus robur L., 1753) est une espèce d'arbres à feuillage caduc originaire des régions tempérées d'Europe, appartenant à la famille des Fagacées. Son fruit est porté par un long pédoncule.;166977.51659999788;150828.24980000034
79;Alnus glutinosa;Aulne glutineux;L’aulne glutineux, l’aulne noir, l’aulne poisseux (Alnus glutinosa), est un arbre feuillu de la famille des bétulacées, très présent dans la flore indigène de l'Europe (Scandinavie comprise). Il est parfois appelé vergne ou verne.;166953.83470000327;150744.23790000007
80;Salix caprea;Saule marsault;Le Saule marsault ou Saule des chèvres, Salix caprea est une espèce d'arbre ou d'arbuste de la famille des Salicaceae.;166855.6921999976;150722.33929999918
81;Betula pendula;Bouleau verruqueux;Le bouleau verruqueux ou bouleau blanc (Betula pendula, syn. B. verrucosa), ou encore bouleau d'Europe, mais aussi bouleau blanc d'Europe est un arbre pouvant atteindre 25 mètres de hauteur. Originaire d'Europe et d'Asie, c'est un arbre très rustique et qui a besoin de lumière. Il aime les sols secs à frais, siliceux de préférence. Les sols acides à alcalins ne le dérangent pas outre mesure. C'est une essence pionnière, colonisatrice et très adaptable. Il résiste parfaitement aux embruns. Il peut être isolé, en alignement, bosquet, etc.;166850.48089999706;150719.1438000016
82;Salix alba cv. tristis;Saule blanc pleureur;Le Saule blanc, Saule commun, Saule argenté, Osier blanc, ou Saule Vivier (Salix alba L.), est un arbre de la famille des Salicacées. Cet arbre commun dans les régions tempérées est souvent cultivé en forme de « têtard » pour la production d'osier.;166835.72609999776;150714.50519999862
83;Juglans nigra;Noyer noir;Le Noyer d'Amérique ou Noyer noir (Juglans nigra) est un grand arbre de la famille des Juglandacées, originaire d'Amérique du Nord, largement cultivé pour ses fruits, son bois et ses qualités ornementales. Il est introduit un peu partout dans le monde. Les deux pays européens qui comprennent les plus grandes superficies plantées en noyer noir sont la Hongrie et la Roumanie;166820.41009999812;150701.86789999902
84;Juglans regia;Noyer commun;"Le noyer commun ou noyer (Juglans regia L.), est un arbre assez commun, originaire d'Eurasie, cultivé pour son bois recherché en ébénisterie et ses fruits, les noix, riches en huile.

C'est le seul représentant en France de la famille des Juglandacées. Il est parfois appelé calottier, écalonnier, gojeutier ou noyer royal.";166811.8374999985;150693.82459999993
85;Salix cinerea;Saule cendré;"Le Saule cendré ou Saule gris (Salix cinerea) est un arbrisseau de la famille des Salicacées pouvant atteindre 6 mètres de haut.

Le Saule cendré est une espèce de Saule très commune en Europe.";166801.18129999936;150693.9684999995
86;Pterocarya fraxinifolia;Noyer du Caucase;Le Ptérocaryer du Caucase (Pterocarya fraxinifolia), aussi appelé Noyer du Caucase, est un arbre à feuilles caduques de la famille des Juglandaceae originaire des vallées du Caucase et de l'Elbourz.;166797.52220000327;150684.5496999994
87;Liquidambar styraciflua;Copalme d'Amérique;Le copalme d'Amérique ou Liquidambar (Liquidambar styraciflua) est une espèce d'arbres qui appartient maintenant à la famille des Altingiacées, auparavant classé dans la famille des Hamamelidacées.;166768.9782000035;150657.51960000023
88;Phellodendron amurense;Arbre au liège de l'Amour;Phellodendron amurense ou arbre au liège de l'Amour est une espèce d'arbres du genre Phellodendron.;166765.2678000033;150615.95650000125
89;Euonymus europaeus;Fusain d'Europe;Le Fusain ou Fusain d'Europe (Euonymus europaeus) est un arbuste ou un petit arbre de la famille des Celastraceae.;166770.2101000026;150623.11080000177
90;Acer platanoides cv. Crimson King;Erable platane cv. Crimson King;"L'Érable plane (Acer platanoides L.) est un arbre de grande taille de la famille des Sapindaceae fréquent dans les régions montagneuses d'Europe. Il est parfois appelé Érable de Norvège, Iseron, Plane, Main-découpée, Plaine ou Faux Sycomore.

Son nom commun lui vient de la forte ressemblance des feuilles avec celles du platane. À ne pas confondre avec l'espèce voisine Acer pseudoplatanus, érable faux-platane ou sycomore lequel a une écorce formant des plaques se détachant du tronc chez l'arbre adulte.";166782.26250000298;150641.4624999985
91;Acer platanoides cv. Crimson King;Erable platane cv. Crimson King;"L'Érable plane (Acer platanoides L.) est un arbre de grande taille de la famille des Sapindaceae fréquent dans les régions montagneuses d'Europe. Il est parfois appelé Érable de Norvège, Iseron, Plane, Main-découpée, Plaine ou Faux Sycomore.

Son nom commun lui vient de la forte ressemblance des feuilles avec celles du platane. À ne pas confondre avec l'espèce voisine Acer pseudoplatanus, érable faux-platane ou sycomore lequel a une écorce formant des plaques se détachant du tronc chez l'arbre adulte.";166786.64039999992;150634.1873999983
92;Acer platanoides cv. Crimson King;Erable platane cv. Crimson King;"L'Érable plane (Acer platanoides L.) est un arbre de grande taille de la famille des Sapindaceae fréquent dans les régions montagneuses d'Europe. Il est parfois appelé Érable de Norvège, Iseron, Plane, Main-découpée, Plaine ou Faux Sycomore.

Son nom commun lui vient de la forte ressemblance des feuilles avec celles du platane. À ne pas confondre avec l'espèce voisine Acer pseudoplatanus, érable faux-platane ou sycomore lequel a une écorce formant des plaques se détachant du tronc chez l'arbre adulte.";166792.06430000067;150635.24570000172
93;Catalpa bignonioides;Arbre aux haricots;Catalpa bignonioides, également appelé Arbre aux haricots, Catalpa boule ou Catalpa commun, est un arbre assez commun de la famille des Bignoniaceae.;166705.14859999716;150633.12909999862
94;Carpinus betulus;Charme commun;Le Charme, ou Charme commun, Carpinus betulus, parfois appelé charmille, est un arbre de taille moyenne, à feuilles caduques et appartenant à la famille des Bétulacées. Il est assez répandu dans les forêts d'Europe centrale. C'est une essence forestière secondaire présente en taillis sous futaie.;166652.86389999837;150587.87359999865
95;Carpinus betulus;Charme commun;Le Charme, ou Charme commun, Carpinus betulus, parfois appelé charmille, est un arbre de taille moyenne, à feuilles caduques et appartenant à la famille des Bétulacées. Il est assez répandu dans les forêts d'Europe centrale. C'est une essence forestière secondaire présente en taillis sous futaie.;166649.58049999923;150584.92660000175
96;Carpinus betulus;Charme commun;Le Charme, ou Charme commun, Carpinus betulus, parfois appelé charmille, est un arbre de taille moyenne, à feuilles caduques et appartenant à la famille des Bétulacées. Il est assez répandu dans les forêts d'Europe centrale. C'est une essence forestière secondaire présente en taillis sous futaie.;166637.53350000083;150576.98189999908
97;Viburnum opulus;Viorne obier;La viorne obier (Viburnum opulus) est un arbuste à feuilles caduques et palmées, appartenant à la famille des Adoxacées.;166657.69910000265;150470.7749999985
98;Pterocarya fraxinifolia;Noyer du Caucase;Le Ptérocaryer du Caucase (Pterocarya fraxinifolia), aussi appelé Noyer du Caucase, est un arbre à feuilles caduques de la famille des Juglandaceae originaire des vallées du Caucase et de l'Elbourz.;166660.3791999966;150381.84039999917
99;Tilia americana;Tilleul d'Amérique;Le Tilleul d'Amérique (Tilia americana L.) est une espèce de feuillu de la famille des Tilleuls (famille des Tiliacées), originaire de l'est de l'Amérique du Nord.;166643.34269999713;150386.09530000016
100;Acer rufinerve cv. limbatum;Érable à feuilles de vigne cv. limbatum;"Acer rufinerve aussi connu sous les noms d‘Érable à feuilles de vigne, Érable rufinerve, Érable oriental à bourgeons gris, Érable à écorce striée, Érable jaspé de gris ou Érable à peau de serpent est une espèce d’arbre du genre des érables. Originaire des forêts des montagnes du Japon, elle est cultivée dans d'autres régions du monde pour l'ornement.

Cette espèce s'est naturalisée dans certaines régions d'Europe, et est parfois considérée comme invasive comme en Belgique.";166639.72779999673;150390.3550999984
101;Alnus x spaethii (japonica x subcordata);Aulne de Spaeth;L’aulne de Spaeth (Alnus × spaethii) est un arbre de la famille des Betulaceae. C'est un aulne ornemental hybride, issu du croisement d’Alnus subcordata et d’Alnus japonica, obtenu à Berlin en 1908.;166631.4781000018;150393.03510000184
102;Prunus avium;Merisier;"Le merisier ou cerisier des oiseaux (Prunus avium) est un arbre originaire d'Europe, d'Asie de l'ouest et d'Afrique du nord (Paléarctique occidental) appartenant au genre Prunus de la famille des Rosaceae. Il est parfois appelé cerisier sauvage ou cerisier des bois.

Avec le cerisier acide (Prunus cerasus), c'est l'une des deux espèces de cerisiers sauvages à l'origine des variétés actuellement cultivées. Sa forme domestiquée est connue sous le nom générique de cerisier doux, divisé en guignier (guignes à chair molle, juteuse, légèrement acidulée) et bigarreautier (bigarreaux à chair ferme, sucrée et dont il existe une multitude de variétés telles que burlat, marmotte, napoléon, reverchon, hedelfingen, etc.).

Merisier à grappes est un autre nom du putiet, ou putier (Prunus padus).";166627.0099999979;150391.13199999928
103;Quercus velutina;Chêne noir;Quercus velutina, le chêne noir, chêne des teinturiers ou Quercitron, est un chêne appartenant à la section des chênes rouges (Quercus sect. Lobatae), dans la famille des Fagaceae.;166638.6916999966;150398.35330000147
104;Quercus palustris;Chêne des marais;"Le Chêne des marais ou Chêne à épingles (Quercus palustris) est un arbre de la famille des Fagaceae originaire de l'Est des États-Unis d'Amérique et du Canada.

Il appartient à la section Erythrobalanus de la classification des chênes.

Le nom spécifique palustris provient du mot latin signifiant « marais ».";166626.85029999912;150405.95679999888
105;Acer davidii;Erable du Père David;"L'érable du Père David est une espèce d'érable appartenant à la section Macrantha de la classification des érables. Originaire de Chine, il appartient aussi à la catégorie des érables à peau de serpent.

Il a été nommé ainsi en l'honneur d'un missionnaire, le père David, qui envoyait de Chine vers Paris des espèces botaniques nouvelles à Franchet.

L'Acer davidii ssp. grosseri aussi appelé « érable jaspé de Chine » est une sous-espèce importante.

Cet arbre a une hauteur maximale de 10 à 15 m, avec un tronc d'un diamètre maximum de 40 cm, souvent moins. Il a tendance à avoir plusieurs troncs.";166621.27639999986;150403.69810000062
106;Sorbus torminalis;Alisier torminal;L'Alisier torminal, Alisier des bois ou Sorbier torminal (Sorbus torminalis L. Crantz) est un arbre originaire d'Europe, d'Afrique du Nord et d'Asie Mineure, appartenant au genre des sorbiers, à la famille des Rosacées et à la sous-famille des Maloideae.;166617.22039999813;150419.12060000002
107;Quercus x rosacea (Q.petraea x Q.robur);Chêne hybride;Quercus x rosacea est une espèce hybride de chêne d'origine naturelle originaire d'Europe et peut-être d'Anatolie. C'est une progéniture naturelle de chêne sessile, Quercus petraea, et de chêne commun, Quercus robur, trouvée là où leurs aires de répartition se chevauchent. En tant qu'hybrides, ils sont morphologiquement variables, mais en général leurs traits semblent intermédiaires à ceux des parents. Une mince section d'un spécimen de Q. × rosacea a été utilisée par l'artiste en résidence Tania Kovats pour créer une œuvre monumentale appelée TREE pour le plafond de la mezzanine du Natural History Museum de Londres à l'occasion du bicentenaire de la naissance de Charles Darwin.;166603.08449999988;150415.49210000038
108;Ulmus x hollandica cv. Klemmer;Orme hollandais cv. Klemmer;" Ulmus x hollandica, souvent connu simplement sous le nom d'orme hollandais, est un hybride naturel entre l'orme wych Ulmus glabra et l'orme champêtre (Ulmus minor) qui se rencontre couramment en Europe partout où les aires de répartition des espèces parentes se chevauchent. En Angleterre, selon les études sur le terrain de RH Richens, ""La plus grande zone d'hybridation est une bande s'étendant à travers l'Essex de la frontière du Hertfordshire au sud du Suffolk. La deuxième plus grande se trouve dans le nord du Bedfordshire et les parties adjacentes du Northamptonshire Des zones comparables existent en Picardie et dans le Cotentin dans le nord de la France "".

Des hybrides Ulmus × hollandica, naturels et artificiels, ont été largement plantés ailleurs. ";166600.73330000043;150422.00539999828
109;Salix alba;Saule blanc;Le Saule blanc, Saule commun, Saule argenté, Osier blanc, ou Saule Vivier (Salix alba L.), est un arbre de la famille des Salicacées. Cet arbre commun dans les régions tempérées est souvent cultivé en forme de « têtard » pour la production d'osier.;166580.9496999979;150457.6248999983
110;Alnus x spaethii (japonica x subcordata);Aulne de Spaeth;L’aulne de Spaeth (Alnus × spaethii) est un arbre de la famille des Betulaceae. C'est un aulne ornemental hybride, issu du croisement d’Alnus subcordata et d’Alnus japonica, obtenu à Berlin en 1908.;166544.17279999703;150530.78009999916
111;Cornus alba cv. Sibirica;Cornouiller blanc cv. Sibirica;Cornus alba, le cornouiller blanc ou cornouiller de Tartarie, se présente sous la forme d'un grand buisson ou d'un arbuste. Il appartient à la famille des Cornaceae. Ses fleurs blanches apparaissent de fin mai à fin juillet.;166533.34669999778;150560.35449999943
112;Quercus alba;Chêne blanc;Le chêne blanc ou chêne blanc d'Amérique (Quercus alba) est une espèce de chêne mesurant en général une trentaine de mètres, le plus grand connu atteint les 44 mètres de hauteur. Certains spécimens vivent plus de 500 ans. On le trouve principalement en Amérique du Nord dans un climat continental humide. Cet arbre a presque disparu du Québec à cause de sa surexploitation passée, et de la perte de son habitat. Son bois a été utilisé pour la construction maritime, et peut prendre une flexion de 90 degrés. Le bois du chêne à gros fruits, aux propriétés semblables, est utilisé aux mêmes fins.;166557.3708000034;150652.7030000016
113;Quercus palustris;Chêne des marais;"Le Chêne des marais ou Chêne à épingles (Quercus palustris) est un arbre de la famille des Fagaceae originaire de l'Est des États-Unis d'Amérique et du Canada.

Il appartient à la section Erythrobalanus de la classification des chênes.

Le nom spécifique palustris provient du mot latin signifiant « marais ».";166560.73910000175;150658.11149999872
114;Acer opalus;Érable à feuilles d'obier;"L'érable à feuilles d'obier, érable d'Italie ou érable Duret ou ayard (Acer opalus) est un arbre de taille moyenne (ne dépassant généralement pas 8 mètres de hauteur) de la famille des Acéracées selon la classification classique, ou de la famille des Sapindacées (à laquelle appartiennent dorénavant les Acéracées) selon la classification phylogénétique.

Il est parfois confondu avec un autre érable (l'Érable sycomore), mais se distingue de ce dernier par son habitat.

Habitat et répartition géographique.";166585.97249999642;150686.88809999824
115;Thuja plicata;Thuya géant;"Le Thuya géant (Thuja plicata) aussi appelé Cèdre rouge de l’Ouest et parfois Thuya de Lobb, est une espèce de conifère sempervirent de la famille des Cupressaceae originaire du nord-ouest de l'Amérique du Nord.

Cet arbre de grande dimension est une essence forestière importante pour la production de bois aux États-Unis et au Canada. C'est aussi un arbre d'ornement très cultivé dans les régions tempérées du monde, notamment en Europe dans les jardins sous forme de haies taillées ou non. Son bois est généralement vendu sous son nom anglo-saxon de Western red cedar.";166641.7595999986;150750.85909999907
116;Larix Kaempferi;Mélèze du Japon;"Le mélèze du Japon (Larix kaempferi) est une espèce d'arbre résineux du genre Larix et de la famille des Pinaceae.

Originaire du Japon, ce mélèze vient plus particulièrement de l'île de Honshū où il pousse à des altitudes de 1 300 à 2 900 mètres. L'arbre fut introduit en Europe en 1861 et on le cultive plutôt dans les régions littorales. Dans ses premières années, il pousse plus vite que le mélèze d'Europe. En France, il se trouve à 1 860 mètres d'altitude, plus particulièrement dans les zones de climat océanique ou dans les parcs d'ornement. Par croisement avec le mélèze d'Europe, on obtient l'hybride Larix × marschlinsii Coaz.

Le mélèze du Japon se distingue de la version européenne par de fortes branches horizontales, une écorce fine et des rameaux de couleur bronze. Longs de 20 à 35 mm, les cônes sont arrondis. Les bords des écailles du cônes sont recourbés.";166635.80650000274;150783.40289999917
117;Quercus robur;Chêne pédonculé;Le chêne pédonculé (Quercus robur L., 1753) est une espèce d'arbres à feuillage caduc originaire des régions tempérées d'Europe, appartenant à la famille des Fagacées. Son fruit est porté par un long pédoncule.;166642.19150000066;150838.69519999996
118;Castanea sativa;Châtaignier commun;"Le châtaignier commun (Castanea sativa Mill.) est un arbre à feuillage caduc de la famille des fagacées. Il produit des fruits : les châtaignes. Lorsqu'il est en nombre sur un territoire délimité, il forme une châtaigneraie.

Le châtaignier fut surnommé dans certaines régions de la Méditerranée « arbre à pain » ou « pain des pauvres » car ses fruits y remplaçaient les céréales en période de disette.";166622.28339999914;150846.06069999933
119;Robinia pseudoacacia;Robinier faux-acacia;'Le robinier faux-acacia ou acacia (Robinia pseudoacacia) est une espèce de la famille des Fabacées (légumineuses de la sous-famille des Viciaceae). Cet arbre présente des fleurs zygomorphes caractéristiques chez les Fabacées. Ses fruits sont des gousses ressemblant à un haricot plat avec des graines à l'intérieur.;166620.3756000027;150851.71550000086
120;Salix viminalis;Saule des vanniers;Le saule des vanniers, appelé aussi vime ou osier vert (Salix viminalis), est un saule d'une hauteur de 3 à 6 m. Il tire son nom de l'utilisation de ses rameaux souples en vannerie sous le nom d'osier. D'autres variétés de saule sont également utilisées en vannerie, comme le saule pourpre ou le saule blanc.;166701.20549999923;150738.4978
121;Alnus cordata;Aulne de Corse;L'Aulne de Corse, Aulne cordé, ou Aulne à feuilles en cœur (Alnus cordata), parfois appelé Aulne d'Italie ou Aulne cordiforme est un arbre feuillu de la famille des Bétulacées, originaire du Sud de l'Europe (Italie, Corse).;166735.15779999644;150763.45320000127
122;Salix alba;Saule blanc;Le Saule blanc, Saule commun, Saule argenté, Osier blanc, ou Saule Vivier (Salix alba L.), est un arbre de la famille des Salicacées. Cet arbre commun dans les régions tempérées est souvent cultivé en forme de « têtard » pour la production d'osier.;166742.96289999783;150768.93019999936
123;Acer saccharinum;Érable argenté;L’Érable argenté ou Érable de Virginie (Acer saccharinum), ou Plaine blanche (Canada), est une espèce d'arbre de la famille des Acéracées.;166749.78299999982;150787.23800000176
124;Ulmus carpinifolia;Orme à feuilles de charme;L'orme à feuilles de charme est un arbre de la famille des Ulmacées. Principal prédateur : la graphiose de larme , c'est un insecte qui creuse sous le bois des galeries, ramenant ainsi une maladie;166766.77549999952;150798.88109999895
125;Acer pseudoplatanus;Érable sycomore;"L’érable sycomore (Acer pseudoplatanus) est une espèce d'arbres de grande taille de la famille des acéracées fréquent en Europe. Il appartient à la section Acer de la classification des érables selon de Jong (1976).

Il s'agit d'un arbre à croissance rapide les premières années, et qui rejette facilement de souche quand il est coupé. L'érable sycomore ne doit pas être confondu avec l’espèce voisine Acer platanoides, l'érable plane ou érable platane dont le bout des feuilles est plus acéré. Selon l'ENGREF l'érable sycomore serait plus sensible à la maladie de la cime mais moins exigeant en lumière et moins xérophile que l'érable plane. On l'appelle parfois faux platane, grand érable, ou érable de montagne, plus rarement érable blanc.";167625.53429999948;150571.91699999943
126;Gleditsia triacanthos cv. Elegantissima;Février d'Amérique cv. Elegantissima;Gleditsia triacanthos, le févier d'Amérique, est une espèce de plantes dicotylédones de la famille des Fabaceae (légumineuses), sous-famille des Caesalpinioideae, originaire de l'est de l’Amérique du Nord. Ce sont des arbres de grande taille, épineux, à feuilles caduques.;167632.2402999997;150562.6788999997
127;Aesculus parviflora;Marronnier nain;Aesculus parviflora (Pavier blanc ou Marronnier nain) est un marronnier ornemental originaire d'Amérique, de la famille des Sapindacées.;167661.3627000004;150572.0271999985
128;Sequoiadendron giganteum cv. pygmaeum;Séquoia géant cv. pygmaeum;Le Séquoia géant (Sequoiadendron giganteum) est une espèce de conifères de la famille des Taxodiaceae (classification classique) ou des Cupressaceae (classification phylogénétique). Il est l'unique représentant actuel du genre Sequoiadendron. Pygmaeum désigne un cultivar de cette espèce type, de forme naine.;167670.01039999723;150573.54940000176
129;Carpinus betulus;Charme commun;Le Charme, ou Charme commun, Carpinus betulus, parfois appelé charmille, est un arbre de taille moyenne, à feuilles caduques et appartenant à la famille des Bétulacées. Il est assez répandu dans les forêts d'Europe centrale. C'est une essence forestière secondaire présente en taillis sous futaie.;167678.1601999998;150557.74579999968
130;Pseudotsuga menziesii  Var. menziesii Franco;Sapin de Douglas Var. Menziesii Franco;"Pseudotsuga menziesii est une espèce de conifère de la famille des Pinaceae, originaire de l'ouest de l'Amérique du Nord. En français on l’appelle douglas vert ou sapin de Douglas (bien qu'il ne s'agit pas d'un vrai sapin car il n'appartient pas au genre Abies), mais aussi pin d'Orégon et douglas de Menzies.

C'est un arbre à croissance rapide qui peut atteindre de très grandes dimensions, et son bois possède de très bonnes qualités techniques. Le bois d’œuvre est surtout utilisé en construction extérieure et intérieure, mais aussi pour la décoration. C'est l'une des essences les plus importantes pour l'exploitation forestière et l'industrie du bois en Amérique du Nord. Il prend aussi de l'importance aujourd'hui en Europe.";167667.9720999971;150554.3797999993
131;Lindera benzoin;Lindera benzoin;Lindera benzoin est un arbuste de la famille des Lauracées originaire d'Amérique du Nord.;167657.91049999744;150547.92599999905
132;Salix alba;Saule blanc;Le Saule blanc, Saule commun, Saule argenté, Osier blanc, ou Saule Vivier (Salix alba L.), est un arbre de la famille des Salicacées. Cet arbre commun dans les régions tempérées est souvent cultivé en forme de « têtard » pour la production d'osier.;167648.73420000076;150545.48840000108
133;Metasequoia glyptostroboides;Sapin d'eau;Metasequoia glyptostroboides, aussi appelé « sapin d'eau », est une espèce de grand arbre de la famille des Taxodiaceae, ou des Cupressaceae selon la classification phylogénétique. Il est originaire de Chine où il a été découvert en 1943. C'est l'unique espèce vivante du genre Metasequoia dont l'origine remonte au Pliocène et à ce titre est considéré comme une forme panchronique.;167648.79659999907;150556.87939999998
134;Pinus nigra ssp. Laricio Poiret;Pin noir ssp. Laricio Poiret;Le Pin noir (Pinus nigra) est une espèce de pin présentant de nombreuses variétés et que l'on trouve en Europe méridionale, de l'Espagne à la Crimée, en Asie Mineure, à Chypre et, localement, dans les montagnes de l'Atlas en Afrique du Nord-Ouest.;167641.05460000038;150550.6849000007
135;Taxus baccata;If commun;L’if commun (ou if à baies), (Taxus baccata), est une espèce de conifères non résineux de la famille des Taxaceae. Très longévif, poussant lentement, c’est un arbre qui se prête bien à la taille. Il est parfois appelé if à baies.;167636.377700001;150543.0549999997
136;Abies grandis;La sapin de Vancouver;Le Sapin de Vancouver ou Sapin géant (Abies grandis) est une espèce d’arbre de la famille des Pinaceae. C'est un sapin originaire d'Amérique du Nord (Oregon, Washington et Colombie-Britannique). Celui-ci a été introduit en Europe en 1831.;167627.30399999768;150533.6666000001
137;Nyssa sylvatica;Tupelo;Nyssa sylvatica, communément appelé tupelo, tupelo noir, gomme noire, gommier noir ou gomme aigre1, est un arbre à feuilles caduques de taille moyenne originaire de l'est de l'Amérique du Nord, du nord-est côtier des États-Unis et du sud de l'Ontario jusqu'au centre de la Floride et de l'est du Texas, ainsi qu'au Mexique.;167623.37110000104;150525.9389999993
138;Acer negundo;Érable negundo;L'Érable negundo ou Érable négondo (Acer negundo) est une espèce végétale de la famille des Aceraceae. Cet érable d’une dizaine de mètres de hauteur est originaire de l’est de l'Amérique du Nord. On l'appelle aussi Érable à giguère, peut-être par déformation du nom « érable argilière » qu'utilisaient les Français de l'Illinois, en 1814. Il est appelé parfois Érable à feuilles de frêne ou Érable américain. Cette essence peu intéressante pour son bois a été introduite sur d'autres continents en tant qu'arbre d'ornement pour les parcs et jardins. Elle s'est révélée être localement envahissante.;167617.6603000015;150548.03990000114
139;Quercus robur;Chêne pédonculé;Le chêne pédonculé (Quercus robur L., 1753) est une espèce d'arbres à feuillage caduc originaire des régions tempérées d'Europe, appartenant à la famille des Fagacées. Son fruit est porté par un long pédoncule.;167614.09830000252;150562.42500000075
140;Cedrus libani;Cèdre du Liban;Le Cèdre du Liban (Cedrus libani), parfois appelé Cèdre du mont Liban, est une espèce d'arbres conifères de la famille des Pinaceae. La grande caractéristique du cèdre du Liban provient de son port conique durant ses trente premières années, devenant tabulaire par la suite.;167613.9958000034;150571.09059999883
141;Acer pseudoplatanus cv. Leopoldii;Érable sycomore cv. Leopoldii;"L’érable sycomore (Acer pseudoplatanus) est une espèce d'arbres de grande taille de la famille des acéracées fréquent en Europe. Il appartient à la section Acer de la classification des érables selon de Jong (1976).

Il s'agit d'un arbre à croissance rapide les premières années, et qui rejette facilement de souche quand il est coupé. L'érable sycomore ne doit pas être confondu avec l’espèce voisine Acer platanoides, l'érable plane ou érable platane dont le bout des feuilles est plus acéré. Selon l'ENGREF l'érable sycomore serait plus sensible à la maladie de la cime mais moins exigeant en lumière et moins xérophile que l'érable plane. On l'appelle parfois faux platane, grand érable, ou érable de montagne, plus rarement érable blanc.";167561.96350000054;150584.59690000117
142;Fraxinus longicuspis;Frêne japonais;"Le frêne, arbre du genre Fraxinus, appartient à la famille des Oléacées ; une soixantaine d'espèces de frênes sont connues, elles vivent essentiellement dans les forêts tempérées. Caractérisées par des feuilles composées pennées, elles sont reconnaissables à leurs grappes de samares simples surnommées localement « langues d'oiseau ».

La frênaie est une forêt de frênes ou riche en frênes.";167551.93860000372;150595.27039999887
143;Sorbus aria;Sorbier blanc;L'Alisier blanc, Alisier de Bourgogne, Alouchier ou Sorbier des Alpes (Sorbus aria) est un arbre de la famille des Rosacées originaire du sud de l'Europe.;167503.6115999967;150561.47419999912
144;Sorbus aria;Sorbier blanc;L'Alisier blanc, Alisier de Bourgogne, Alouchier ou Sorbier des Alpes (Sorbus aria) est un arbre de la famille des Rosacées originaire du sud de l'Europe.;167501.6272;150565.44299999997
145;Populus x interamericana UNAL;Peuplier interaméricain Unal;Les peupliers sont des arbres du genre Populus de la famille des Salicacées.;167461.5218999982;150443.35720000044
146;Liquidambar styraciflua;Copalme d'Amérique;Le copalme d'Amérique ou Liquidambar (Liquidambar styraciflua) est une espèce d'arbres qui appartient maintenant à la famille des Altingiacées, auparavant classé dans la famille des Hamamelidacées.;167429.5517999977;150425.56560000032
147;Aesculus turbinata;Marronnier du Japon;Le marronnier du Japon, de la famille des Hippocastanacées est une des espèces d'arbres d'alignement ou d'ornement répandu dans les parcs publics et le long des avenues dans l'hémisphère nord.;167443.81710000336;150377.60559999943
148;Betula pendula;Bouleau verruqueux;Le bouleau verruqueux ou bouleau blanc (Betula pendula, syn. B. verrucosa), ou encore bouleau d'Europe, mais aussi bouleau blanc d'Europe est un arbre pouvant atteindre 25 mètres de hauteur. Originaire d'Europe et d'Asie, c'est un arbre très rustique et qui a besoin de lumière. Il aime les sols secs à frais, siliceux de préférence. Les sols acides à alcalins ne le dérangent pas outre mesure. C'est une essence pionnière, colonisatrice et très adaptable. Il résiste parfaitement aux embruns. Il peut être isolé, en alignement, bosquet, etc.;167463.02970000356;150374.54399999976
149;Betula pendula;Bouleau verruqueux;Le bouleau verruqueux ou bouleau blanc (Betula pendula, syn. B. verrucosa), ou encore bouleau d'Europe, mais aussi bouleau blanc d'Europe est un arbre pouvant atteindre 25 mètres de hauteur. Originaire d'Europe et d'Asie, c'est un arbre très rustique et qui a besoin de lumière. Il aime les sols secs à frais, siliceux de préférence. Les sols acides à alcalins ne le dérangent pas outre mesure. C'est une essence pionnière, colonisatrice et très adaptable. Il résiste parfaitement aux embruns. Il peut être isolé, en alignement, bosquet, etc.;167470.14079999924;150378.50019999966
150;Betula pendula;Bouleau verruqueux;Le bouleau verruqueux ou bouleau blanc (Betula pendula, syn. B. verrucosa), ou encore bouleau d'Europe, mais aussi bouleau blanc d'Europe est un arbre pouvant atteindre 25 mètres de hauteur. Originaire d'Europe et d'Asie, c'est un arbre très rustique et qui a besoin de lumière. Il aime les sols secs à frais, siliceux de préférence. Les sols acides à alcalins ne le dérangent pas outre mesure. C'est une essence pionnière, colonisatrice et très adaptable. Il résiste parfaitement aux embruns. Il peut être isolé, en alignement, bosquet, etc.;167510.62210000306;150386.04080000147
151;Betula pendula;Bouleau verruqueux;Le bouleau verruqueux ou bouleau blanc (Betula pendula, syn. B. verrucosa), ou encore bouleau d'Europe, mais aussi bouleau blanc d'Europe est un arbre pouvant atteindre 25 mètres de hauteur. Originaire d'Europe et d'Asie, c'est un arbre très rustique et qui a besoin de lumière. Il aime les sols secs à frais, siliceux de préférence. Les sols acides à alcalins ne le dérangent pas outre mesure. C'est une essence pionnière, colonisatrice et très adaptable. Il résiste parfaitement aux embruns. Il peut être isolé, en alignement, bosquet, etc.;167521.3378000036;150377.0450000018
152;Salix alba cv. tristis;Saule blanc pleureur;Le Saule blanc, Saule commun, Saule argenté, Osier blanc, ou Saule Vivier (Salix alba L.), est un arbre de la famille des Salicacées. Cet arbre commun dans les régions tempérées est souvent cultivé en forme de « têtard » pour la production d'osier.;167557.4958000034;150376.58960000053
153;Corylus maxima cv. purpurea;Noisetier de Lambert cv. Pourpre;Le Noisetier de Lambert (Corylus maxima) est un arbuste de la famille des bétulacées. Sa variété pourpre est plantée comme arbuste d'ornement.;167543.7541999966;150393.75279999897
154;Quercus cerris;Chêne chevelu;"Le Chêne chevelu ou Chêne lombard ou Chêne cerris (Quercus cerris), est une espèce d'arbres monoïques de la famille des Fagacées originaire du sud de l'Europe et d'Asie Mineure. Il est parfois appelé Chêne de Bourgogne, Chêne de Turquie ou Doucier.

C'est l'espèce type de la section Cerris de la classification des chênes. Il doit son nom au fait que la cupule de son gland est pourvue de trichomes assimilés à des cheveux.";167632.9878000021;150516.97899999842
155;Ginkgo biloba;Abricotier d'argent;L’Arbre aux quarante écus, l’Abricotier d'argent, Ginkgo (Ginkgo biloba L., 1771) (银杏 yínxìng en chinois) est une espèce d'arbres et la seule représentante actuelle de la famille des Ginkgoaceae. C'est la seule espèce actuelle de la division des ginkgophyta. Elle est considérée comme une espèce panchroniquenote. C'est la plus ancienne famille d'arbres connue, puisqu'elle serait apparue il y a plus de 270 millions d'années. Elle existait déjà une quarantaine de millions d'années avant l'apparition des dinosaures.;166971.4773999974;150029.63789999858
156;Aesculus x carnea;Marronnier à fleurs rouges;"Le Marronnier à fleurs rouge, Aesculus ×carnea, est une espèce d’arbres décoratifs de la famille des Hippocastanacées.

C'est un hybride entre Aesculus hippocastanum et Aesculus pavia.";166978.18460000306;150020.0203000009
157;Ulmus minor;Orme champêtre;L’Orme champêtre, l’Ormeau ou le Petit Orme (Ulmus minor) est une espèce d'arbres à feuilles caduques de la famille des ulmacées. Il est parfois appelé Ipréau, Orme cilié ou Yvet.;166944.33179999888;150040.22929999977
158;Sequoiadendron giganteum;Séquoia géant;Le Séquoia géant (Sequoiadendron giganteum) est une espèce de conifères de la famille des Taxodiaceae (classification classique) ou des Cupressaceae (classification phylogénétique). Il est l'unique représentant actuel du genre Sequoiadendron.;166911.6152999997;150024.2536999993
159;Quercus dentata cv. yunnanensis;Chêne denté cv. yunnanensis;"Quercus dentata, également appelé chêne empereur japonais ou chêne daimyo (japonais: 柏, kashiwa; chinois simplifié: 柞 栎; chinois traditionnel: 柞 櫟; pinyin: zuòlì; coréen: 떡갈 나무, tteokgalnamu) est une espèce de chêne originaire du Japon, de Corée et de Chine. Le nom de l'arbre est souvent traduit par ""chêne doux"" en anglais pour le distinguer des variétés occidentales.

Quercus dentata est un arbre à feuilles caduques atteignant 20–25 m de haut, avec un tronc atteignant 1 m de diamètre. Son feuillage est remarquable par sa taille, parmi les plus grands de tous les chênes, composé d'un pétiole court et poilu, de 1–1,5 cm de long, et d'une lame de 10–40 cm de long et de 15–30 cm de large, avec une marge lobée peu profonde; la forme rappelle une énorme feuille de chêne pédonculé. Les feuilles sont souvent retenues mortes sur l'arbre en hiver. Les deux côtés de la feuille sont initialement duveteux, la surface supérieure devenant lisse.

Les fleurs sont produites en mai; les fleurs mâles sont des chatons pendants. Les fleurs femelles sont sessiles, poussant près de l'extrémité des nouvelles pousses, produisant des glands de 1,2–2,3 cm de long et de 1,2–1,5 cm de large, dans de larges coupes à écailles touffues; les glands mûrissent de septembre à octobre.";166883.9557000026;150068.75979999825
160;Robinia pseudoacacia;Robinier faux-acacia;'Le robinier faux-acacia ou acacia (Robinia pseudoacacia) est une espèce de la famille des Fabacées (légumineuses de la sous-famille des Viciaceae). Cet arbre présente des fleurs zygomorphes caractéristiques chez les Fabacées. Ses fruits sont des gousses ressemblant à un haricot plat avec des graines à l'intérieur.;166823.60029999912;150068.2820999995